Medium,Aesthetic Collection,Genre,Artist / Author,Album Name / Book Title / Item,Cost for LLC to Buy [Not for Sale yet],Cost to Rent for 5-7 days,Cost to Rent for 1 month,Buyout Price,Subscription Service
Cassette Tape,,Secret Options,No entry yet,No entry yet,--,,,,Secret Option
Cassette Tape,,Secret Options,No entry yet,No entry yet,--,,,,Secret Option
Cassette Tape,,Secret Options,No entry yet,No entry yet,--,,,,Secret Option
Cassette Tape,,Secret Options,No entry yet,No entry yet,--,,,,Secret Option
Vinyl,Classic,Classic Rock,George Harrison,cloud nine,"Look up cost, check Amazon, Rasputin, Amoeba",$6.99 ,$12.99 ,$23.99 ,Flat monthly fee of $9.99 for 3-5 items; Recommended for Preferences
Vinyl,Classic,Classic Rock,John Lennon,Double Fantasy,"Look up cost, check Amazon, Rasputin, Amoeba",$6.99 ,$12.99 ,$23.99 ,Flat monthly fee of $9.99 for 3-5 items; Recommended for Preferences
Vinyl,Classic,Classic Rock,John Lennon,Imagine,"Look up cost, check Amazon, Rasputin, Amoeba",$6.99 ,$12.99 ,$23.99 ,Flat monthly fee of $9.99 for 3-5 items; Recommended for Preferences
Vinyl,Classic,Classic Rock,Paul McCartney,McCartney,"Look up cost, check Amazon, Rasputin, Amoeba",$6.99 ,$12.99 ,$23.99 ,Flat monthly fee of $9.99 for 3-5 items; Recommended for Preferences
Vinyl,Classic,Classic Rock,Paul McCartney,RAM,"Look up cost, check Amazon, Rasputin, Amoeba",$6.99 ,$12.99 ,$23.99 ,Flat monthly fee of $9.99 for 3-5 items; Recommended for Preferences
Vinyl,Classic,Classic Rock,Pink Floyd,The Dark Side of The Moon,"Look up cost, check Amazon, Rasputin, Amoeba",$6.99 ,$12.99 ,$23.99 ,Flat monthly fee of $9.99 for 3-5 items; Recommended for Preferences
Vinyl,Classic,Classic Rock,The Beatles,Let It Be,"Look up cost, check Amazon, Rasputin, Amoeba",$6.99 ,$12.99 ,$23.99 ,Flat monthly fee of $9.99 for 3-5 items; Recommended for Preferences
Vinyl,Classic,Classic Rock,The Beatles,Revolver,"Look up cost, check Amazon, Rasputin, Amoeba",$6.99 ,$12.99 ,$23.99 ,Flat monthly fee of $9.99 for 3-5 items; Recommended for Preferences
Vinyl,Classic,Classic Rock,The Beatles,Sgt. Peppers Lonely Hearts Club Band,"Look up cost, check Amazon, Rasputin, Amoeba",$6.99 ,$12.99 ,$23.99 ,Flat monthly fee of $9.99 for 3-5 items; Recommended for Preferences
Vinyl,Classic,Classic Rock,The Beatles,Help!,"Look up cost, check Amazon, Rasputin, Amoeba",$6.99 ,$12.99 ,$23.99 ,Flat monthly fee of $9.99 for 3-5 items; Recommended for Preferences
Vinyl,Classic,Classic Rock,The Carpenters,Close To You,"Look up cost, check Amazon, Rasputin, Amoeba",$6.99 ,$12.99 ,$23.99 ,Flat monthly fee of $9.99 for 3-5 items; Recommended for Preferences
Vinyl,Classic,Classic Rock,Wings,Band On The Run,"Look up cost, check Amazon, Rasputin, Amoeba",$6.99 ,$12.99 ,$23.99 ,Flat monthly fee of $9.99 for 3-5 items; Recommended for Preferences
Vinyl,Down Unda',Psychadelic Rock,Tame Impala,Lonerism,"Look up cost, check Amazon, Rasputin, Amoeba",$6.99 ,$12.99 ,$23.99 ,Flat monthly fee of $9.99 for 3-5 items; Recommended for Preferences
Vinyl,Down Unda',Psychadelic Rock,Tame Impala,Innerspeaker,"Look up cost, check Amazon, Rasputin, Amoeba",$6.99 ,$12.99 ,$23.99 ,Flat monthly fee of $9.99 for 3-5 items; Recommended for Preferences
Vinyl,Hip Hop Producers,Hip Hop,Kanye West,808s and Heartbreak,"Look up cost, check Amazon, Rasputin, Amoeba",$6.99 ,$12.99 ,$23.99 ,Flat monthly fee of $9.99 for 3-5 items; Recommended for Preferences
Vinyl,Hip Hop Producers,Hip Hop,Kanye West,I'm Bipolar It's Awesome,"Look up cost, check Amazon, Rasputin, Amoeba",$6.99 ,$12.99 ,$23.99 ,Flat monthly fee of $9.99 for 3-5 items; Recommended for Preferences
Vinyl,Hip Hop Producers,Hip Hop,Kid Cudi,Man On The Moon,"Look up cost, check Amazon, Rasputin, Amoeba",$6.99 ,$12.99 ,$23.99 ,Flat monthly fee of $9.99 for 3-5 items; Recommended for Preferences
Vinyl,Into Indie,Indie Rock,MGMT,Oracular Spectacular,"Look up cost, check Amazon, Rasputin, Amoeba",$6.99 ,$12.99 ,$23.99 ,Flat monthly fee of $9.99 for 3-5 items; Recommended for Preferences
Vinyl,Into Indie,Indie Rock,MGMT,Congratulations,"Look up cost, check Amazon, Rasputin, Amoeba",$6.99 ,$12.99 ,$23.99 ,Flat monthly fee of $9.99 for 3-5 items; Recommended for Preferences
Vinyl,Jazz Jazz Jazz!,Jazz,Miles Davis,Kind of Blue,"Look up cost, check Amazon, Rasputin, Amoeba",$6.99 ,$12.99 ,$23.99 ,Flat monthly fee of $9.99 for 3-5 items; Recommended for Preferences
Vinyl,Man or Machine!,Electronic,Ratatat,Ratatat,"Look up cost, check Amazon, Rasputin, Amoeba",$6.99 ,$12.99 ,$23.99 ,Flat monthly fee of $9.99 for 3-5 items; Recommended for Preferences
Vinyl,Man or Machine!,Electronic,Ratatat,Ratatat,"Look up cost, check Amazon, Rasputin, Amoeba",$6.99 ,$12.99 ,$23.99 ,Flat monthly fee of $9.99 for 3-5 items; Recommended for Preferences
Vinyl,Rock and Roll,Indie Rock,Arctic Monkeys,AM,"Look up cost, check Amazon, Rasputin, Amoeba",$6.99 ,$12.99 ,$23.99 ,Flat monthly fee of $9.99 for 3-5 items; Recommended for Preferences
Vinyl,The Alternative,Alternative Rock,Radiohead,In / Rainbows,"Look up cost, check Amazon, Rasputin, Amoeba",$6.99 ,$12.99 ,$23.99 ,Flat monthly fee of $9.99 for 3-5 items; Recommended for Preferences
CD,American Asian,Classic Rock,Don't Think I've Forgotten,Cambodia's Lost Rock and Roll,Check Price,,,,Flat monthly fee of $9.99 for 3-5 items; Recommended for Preferences
CD,American Asian,Korean Acoustic Rap,Geunjin,Geunjin's Place,Check Price,,,,Flat monthly fee of $9.99 for 3-5 items; Recommended for Preferences
CD,American Asian,Classic Rock,Saigon Rock & Soul,Vietnamese Classic Tracks 1968-1974 (English),Check Price,,,,Flat monthly fee of $9.99 for 3-5 items; Recommended for Preferences
CD,American Classics,Rock,Bruce Springsteen,Born In The U.S.A.,Check Price,,,,Flat monthly fee of $9.99 for 3-5 items; Recommended for Preferences
CD,American Classics,Rock,Bruce Springsteen,Nebraska,Check Price,,,,Flat monthly fee of $9.99 for 3-5 items; Recommended for Preferences
CD,American Classics,Rock,Chuck Berry,The Definitive Collection,Check Price,,,,Flat monthly fee of $9.99 for 3-5 items; Recommended for Preferences
CD,American Classics,Rockabilly,Elvis Presley,The Top Ten Hits,$9.95,,,,Flat monthly fee of $9.99 for 3-5 items; Recommended for Preferences
CD,American Classics,Rockabilly,Elvis Presley,Sunrise,$9.95,,,,
CD,British Invasion,Rock,John Lennon,The John Lennon Collection,Check Price,,,,Flat monthly fee of $9.99 for 3-5 items; Recommended for Preferences
CD,British Invasion,Rock,The Beatles,The White Album,Check Price,,,,Flat monthly fee of $9.99 for 3-5 items; Recommended for Preferences
CD,British Invasion,Rock,The Beatles,Rubber Soul,Check Price,,,,Flat monthly fee of $9.99 for 3-5 items; Recommended for Preferences
CD,Classic,Classic Rock,Bob Dylan,Highway 61 Revisited,$5.95,,,,Flat monthly fee of $9.99 for 3-5 items; Recommended for Preferences
CD,Classic,Classic Rock,Boston,SEARCH FOR DATA,Check Price,,,,Flat monthly fee of $9.99 for 3-5 items; Recommended for Preferences
CD,Classic,Classic Rock,Bruce Springsteen,Born to Run,$3.95,,,,Flat monthly fee of $9.99 for 3-5 items; Recommended for Preferences
CD,Classic,Classic Rock,Creedence Clearwater Revival,Chronice,Check Price,,,,Flat monthly fee of $9.99 for 3-5 items; Recommended for Preferences
CD,Classic,Classic Rock,David Bowie,Ziggie Stardust,Check Price,,,,Flat monthly fee of $9.99 for 3-5 items; Recommended for Preferences
CD,Classic,Classic Rock,Electric Light Orchestra,ELO Classics,$3.95,,,,Flat monthly fee of $9.99 for 3-5 items; Recommended for Preferences
CD,Classic,Classic Rock,Elton John,Greatest Hits 1970-2002,$9.95,,,,Flat monthly fee of $9.99 for 3-5 items; Recommended for Preferences
CD,Classic,Classic Rock,Eric Clapton,Slowhand,$3.95,,,,Flat monthly fee of $9.99 for 3-5 items; Recommended for Preferences
CD,Classic,Classic Rock,Eric Clapton,The Best of Eric Clapton,$5.95,,,,Flat monthly fee of $9.99 for 3-5 items; Recommended for Preferences
CD,Classic,Classic Rock,Eric Clapton,Clapton Chronicles: The Best of Eric Clapton,$3.95,,,,Flat monthly fee of $9.99 for 3-5 items; Recommended for Preferences
CD,Classic,Classic Rock,Eric Johnson,Tones,$3.95,,,,Flat monthly fee of $9.99 for 3-5 items; Recommended for Preferences
CD,Classic,Classic Rock,John Lennon,Acoustic,$9.95,,,,Flat monthly fee of $9.99 for 3-5 items; Recommended for Preferences
CD,Classic,Classic Rock,John Lennon / Plastic Ono Band,Self Titled,$9.95,,,,Flat monthly fee of $9.99 for 3-5 items; Recommended for Preferences
CD,Classic,Classic Rock,Journey,Greatest Hits,$3.95,,,,Flat monthly fee of $9.99 for 3-5 items; Recommended for Preferences
CD,Classic,Classic Rock,Led Zeppelin,SEARCH FOR DATA,Check Price,,,,Flat monthly fee of $9.99 for 3-5 items; Recommended for Preferences
CD,Classic,Classic Rock,Lou Red,Walk On The Wild Side: The Best of Lou Reed,$5.95,,,,Flat monthly fee of $9.99 for 3-5 items; Recommended for Preferences
CD,Classic,Classic Rock,Neil Young,Freedom,$5.95,,,,Flat monthly fee of $9.99 for 3-5 items; Recommended for Preferences
CD,Classic,Classic Rock,Paul McCartney,McCartney II,$9.95,,,,Flat monthly fee of $9.99 for 3-5 items; Recommended for Preferences
CD,Classic,Classic Rock,Queen,Classic Queen,$7.95,,,,Flat monthly fee of $9.99 for 3-5 items; Recommended for Preferences
CD,Classic,Classic Rock,Queen,Greatest Hits,Check Price,,,,Flat monthly fee of $9.99 for 3-5 items; Recommended for Preferences
CD,Classic,Classic Rock,Roy Orbison,The All Time Greatest Hits of Roy Orbison,Check Price,,,,Flat monthly fee of $9.99 for 3-5 items; Recommended for Preferences
CD,Classic,Classic Rock,Santana,Borboletta,$9.99,,,,Flat monthly fee of $9.99 for 3-5 items; Recommended for Preferences
CD,Classic,Classic Rock,Santana,La Puesta Del Sol - As The Years - With A Little Help From My Friends,$5.95,,,,
CD,Classic,Classic Rock,Santana,Santana's 30th Anniversary Expanded Edition,$5.95,,,,Flat monthly fee of $9.99 for 3-5 items; Recommended for Preferences
CD,Classic,Classic Rock,Sting,… All This Time,Check Price,,,,Flat monthly fee of $9.99 for 3-5 items; Recommended for Preferences
CD,Classic,Classic Rock,Sting,Mercury Falling,Check Price,,,,Flat monthly fee of $9.99 for 3-5 items; Recommended for Preferences
CD,Classic,Classic Rock,Sting,… Nothing Like The Sun,Check Price,,,,Flat monthly fee of $9.99 for 3-5 items; Recommended for Preferences
CD,Classic,Classic Rock,Supertramp,Even In The Quietest Moments,Check Price,,,,Flat monthly fee of $9.99 for 3-5 items; Recommended for Preferences
CD,Classic,Classic Rock,The Doors,Greatest Hits,recommendation from Andrew,,,,Flat monthly fee of $9.99 for 3-5 items; Recommended for Preferences
CD,Classic,Classic Rock,The Eagles,Their Greatest Hits,$3.95,,,,Flat monthly fee of $9.99 for 3-5 items; Recommended for Preferences
CD,Classic,Classic Rock,The Eagles,Greatest Hits: Volume 2,$5.95,,,,Flat monthly fee of $9.99 for 3-5 items; Recommended for Preferences
CD,Classic,Classic Rock,The Moody Blues,Sur la mer,$3.95,,,,Flat monthly fee of $9.99 for 3-5 items; Recommended for Preferences
CD,Classic,Classic Rock,The Moody Blues,The Other Side of Life,$3.95,,,,Flat monthly fee of $9.99 for 3-5 items; Recommended for Preferences
CD,Classic,Classic Rock,The Police,Every Breath You Take: The Singles,Check Price,,,,Flat monthly fee of $9.99 for 3-5 items; Recommended for Preferences
CD,Classic,Classic Rock,The Smiths,Louder Than Bombs,recommendation from 500 Days of Summer,,,,Flat monthly fee of $9.99 for 3-5 items; Recommended for Preferences
CD,Classic,Classic Rock,The Velvet Underground,White Light White Heat,Check Price,,,,Flat monthly fee of $9.99 for 3-5 items; Recommended for Preferences
CD,Classic,Classic Rock,The Who,My Generation: The Very Best of,$9.95,,,,Flat monthly fee of $9.99 for 3-5 items; Recommended for Preferences
CD,Classic,Classic Rock,The Who,My Generation ???,???,,,,Flat monthly fee of $9.99 for 3-5 items; Recommended for Preferences
CD,Classic,Classic Rock,The Who,The Best of The Who,Check Price,,,,Flat monthly fee of $9.99 for 3-5 items; Recommended for Preferences
CD,Classic,Classic Rock,Tom Petty and The Heartbreakers,Damn The Torpedos,$5.95,,,,Flat monthly fee of $9.99 for 3-5 items; Recommended for Preferences
CD,Classic,Classic Rock,Traveling Wilburys,Vol I,Check Price,,,,Flat monthly fee of $9.99 for 3-5 items; Recommended for Preferences
CD,Classic,Classic Rock,U2,How to Dismantle An Atomic Bomb,$3.95,,,,Flat monthly fee of $9.99 for 3-5 items; Recommended for Preferences
CD,Classic Producers,Pop,Quincy Jones,Classics Volume 3,$3.95,,,,Flat monthly fee of $9.99 for 3-5 items; Recommended for Preferences
CD,Country Heart & Soul,Country Rock,Brad Paisley,Mud On The Tires,Check Price,,,,Flat monthly fee of $9.99 for 3-5 items; Recommended for Preferences
CD,Country Heart & Soul,Country Rock,Brad Paisley,Time Well Waisted,Check Price,,,,Flat monthly fee of $9.99 for 3-5 items; Recommended for Preferences
CD,Country Heart & Soul,Country Rock,Brad Paisley,Love and War,Check Price,,,,Flat monthly fee of $9.99 for 3-5 items; Recommended for Preferences
CD,Country Heart & Soul,Country,Carrie Underwood,Play On,Check Price,,,,Flat monthly fee of $9.99 for 3-5 items; Recommended for Preferences
CD,Country Heart & Soul,Country Rock,Johnny Cash,At Folsom Prison,watching Johnny Cash movie with Tommy,,,,Flat monthly fee of $9.99 for 3-5 items; Recommended for Preferences
CD,Country Heart & Soul,Country,Keith Urban,Be Here,$1.95,,,,Flat monthly fee of $9.99 for 3-5 items; Recommended for Preferences
CD,Country Heart & Soul,Country,Lee Greenwood,Greatest Hits,$2.95,,,,Flat monthly fee of $9.99 for 3-5 items; Recommended for Preferences
CD,Country Heart & Soul,Country Rock,Tim McGraw,Live Like You Were Dying,Check Price,,,,Flat monthly fee of $9.99 for 3-5 items; Recommended for Preferences
CD,Country Heart & Soul,Country Rock,Tim McGraw,Let It Go,Check Price,,,,Flat monthly fee of $9.99 for 3-5 items; Recommended for Preferences
CD,Dad Rock,Rock,John Lennon,Icon,Check Price,,,,Flat monthly fee of $9.99 for 3-5 items; Recommended for Preferences
CD,Down Unda',Indie Rock,Pond,Tasmania,$12.99,,,,Flat monthly fee of $9.99 for 3-5 items; Recommended for Preferences
CD,Emo Kid,Emo,Brand New,SEARCH FOR DATA,Check Price,,,,Flat monthly fee of $9.99 for 3-5 items; Recommended for Preferences
CD,Emo Kid,Emo,Dashboard Confessional,SEARCH FOR DATA,Check Price,,,,Flat monthly fee of $9.99 for 3-5 items; Recommended for Preferences
CD,Emo Kid,Emo,Hellogoodbye,SEARCH FOR DATA,Check Price,,,,Flat monthly fee of $9.99 for 3-5 items; Recommended for Preferences
CD,"Grunge, grunge",Grunge,Nirvana,Nevermind,recommendation from David Ma,,,,Flat monthly fee of $9.99 for 3-5 items; Recommended for Preferences
CD,Heart of America,American,Bruce Springsteen,Greatest Hits,Check Price,,,,Flat monthly fee of $9.99 for 3-5 items; Recommended for Preferences
CD,Heart of America,American,Bruce Springsteen,Darkness On The Edge of Town,Check Price,,,,Flat monthly fee of $9.99 for 3-5 items; Recommended for Preferences
CD,Heart of America,Americana,Jeff Tweedy,Love Is The King,$13.99,,,,Flat monthly fee of $9.99 for 3-5 items; Recommended for Preferences
CD,Heart of America,Americana,Wilco,Summerteeth,$2.95,,,,Flat monthly fee of $9.99 for 3-5 items; Recommended for Preferences
CD,Heart of America,Americana,Wilco,A.M.,$1.95,,,,Flat monthly fee of $9.99 for 3-5 items; Recommended for Preferences
CD,Heart of America,Americana,Wilco,A.M. Deluxe,$1.95,,,,Flat monthly fee of $9.99 for 3-5 items; Recommended for Preferences
CD,Heart of America,Americana,Wilco,Yankee Hotel Foxtrot,$5.95,,,,Flat monthly fee of $9.99 for 3-5 items; Recommended for Preferences
CD,Heart of America,Americana,Wilco,The Whole Love,Gift from VT,,,,Flat monthly fee of $9.99 for 3-5 items; Recommended for Preferences
CD,Heart of America,Americana,Wilco,Sky Blue Sky,Check Price,,,,Flat monthly fee of $9.99 for 3-5 items; Recommended for Preferences
CD,Hip Hop Producers,Hip Hop,Beastie Boys,To The 5 Boroughs,Check Price,,,,Flat monthly fee of $9.99 for 3-5 items; Recommended for Preferences
CD,Hip Hop Producers,Hip Hop,Kid Cudi,Man On The Moon: End of Day,Check Price,,,,Flat monthly fee of $9.99 for 3-5 items; Recommended for Preferences
CD,Hip Hop Producers,Pop,Rihanna,Good Girl Gone Bad: Reloaded,$3.95,,,,Flat monthly fee of $9.99 for 3-5 items; Recommended for Preferences
CD,Hip Hop Producers,Pop / Hip Hop,Ryan Leslie,Self Titled: Ryan Leslie,$5.95,,,,Flat monthly fee of $9.99 for 3-5 items; Recommended for Preferences
CD,Hip Hop Producers,Hip Hop,Timbaland,Timbaland Presents: Shock Value,$1.95,,,,Flat monthly fee of $9.99 for 3-5 items; Recommended for Preferences
CD,Hip Hop Producers,Hip Hop,"Tyler, The Creator",Scum Fuck Flower Boy,$15.99,,,,Flat monthly fee of $9.99 for 3-5 items; Recommended for Preferences
CD,Hip Hop Producers,Hip Hop,Usher,Confessions,Check Price,,,,
CD,I've Got The Blues,Blues,B.B. King,The Best of B.B. King,$14.99,,,,Flat monthly fee of $9.99 for 3-5 items; Recommended for Preferences
CD,I've Got The Blues,Blues,B.B. King,Gold,,,,,Flat monthly fee of $9.99 for 3-5 items; Recommended for Preferences
CD,I've Got The Blues,Blues,Eric Clapton,Unplugged,$1.95,,,,Flat monthly fee of $9.99 for 3-5 items; Recommended for Preferences
CD,I've Got The Blues,Blues Pop,John Mayer,Sob Rock,Check Price,,,,
CD,I've Got The Blues,Blues Pop,John Mayer,Sob Rock,Check Price,,,,Flat monthly fee of $9.99 for 3-5 items; Recommended for Preferences
CD,I've Got The Blues,Blues Pop,John Mayer Trio,Try!,$3.95,,,,Flat monthly fee of $9.99 for 3-5 items; Recommended for Preferences
CD,I've Got The Blues,Blues Rock,John Taylor Trio,Blue Glass,Check Price,,,,Flat monthly fee of $9.99 for 3-5 items; Recommended for Preferences
CD,I've Got The Blues,Blues,Lead Belly,Burgeois Blues,"Listen, evaluate and/or return",,,,Flat monthly fee of $9.99 for 3-5 items; Recommended for Preferences
CD,I've Got The Blues,Blues,Lead Belly,Where Did You Sleep Last Night?,"Listen, evaluate and/or return",,,,Flat monthly fee of $9.99 for 3-5 items; Recommended for Preferences
CD,I've Got The Blues,Blues,Stevie Ray Vaughan and Double Trouble,Blues At Sunrise,$5.95,,,,
CD,I've Got The Blues,Blues,Stevie Ray Vaughan and Double Trouble,Texas Flood,$3.95,,,,
CD,I've Got The Blues,Blues,The Blues Brothers,Original Soundtrack Recording,Check Price,,,,Flat monthly fee of $9.99 for 3-5 items; Recommended for Preferences
CD,I've Got The Blues,Blues Rock,The White Stripes,Elephant,Check Price,,,,Flat monthly fee of $9.99 for 3-5 items; Recommended for Preferences
CD,I've Got The Blues,Blues Rock,The White Stripes,SEARCH FOR DATA,Check Price,,,,Flat monthly fee of $9.99 for 3-5 items; Recommended for Preferences
CD,Into The Indie,Indie Rock,"Albert Hammond, Jr.",Como Te Llama?,$1.95,,,,Flat monthly fee of $9.99 for 3-5 items; Recommended for Preferences
CD,Into The Indie,Indie,Animal Collective,Time Skills,Check Price,,,,Flat monthly fee of $9.99 for 3-5 items; Recommended for Preferences
CD,Into The Indie,Indie Rock,Arcade Fire,Reflektor,Check Price,,,,Flat monthly fee of $9.99 for 3-5 items; Recommended for Preferences
CD,Into The Indie,Indie Pop,Belaire,Self Titled,from Dan,,,,Flat monthly fee of $9.99 for 3-5 items; Recommended for Preferences
CD,Into The Indie,Indie Rock,Broken Social Scene,Self Titled 2005 Album,Check Price,,,,Flat monthly fee of $9.99 for 3-5 items; Recommended for Preferences
CD,Into The Indie,Indie,Cat Power,Covers,Check Price,,,,Flat monthly fee of $9.99 for 3-5 items; Recommended for Preferences
CD,Into The Indie,Folk Rock,Feist,The Reminder,$2.95,,,,
CD,Into The Indie,Indie Pop,Haim,Days Are Gone,$3.95,,,,
CD,Into The Indie,Indie Electronic,Her Space Holiday,The Young Machines,recommendation from Dan,,,,Flat monthly fee of $9.99 for 3-5 items; Recommended for Preferences
CD,Into The Indie,Indie Electronic,Her Space Holiday,Manic Expressive,recommendation from Dan,,,,Flat monthly fee of $9.99 for 3-5 items; Recommended for Preferences
CD,Into The Indie,Indie Rock,Interpol,Turn On The Bright Lights,Check Price,,,,Flat monthly fee of $9.99 for 3-5 items; Recommended for Preferences
CD,Into The Indie,Indie Rock,Joy Division,The Best of Joy Division,recommendation from Brandon,,,,Flat monthly fee of $9.99 for 3-5 items; Recommended for Preferences
CD,Into The Indie,Indie Rock,Kevin Drew,Spirit If…,Check Price,,,,Flat monthly fee of $9.99 for 3-5 items; Recommended for Preferences
CD,Into The Indie,Indie Rock,Mae,The Everglow,recommendation from Carrie,,,,Flat monthly fee of $9.99 for 3-5 items; Recommended for Preferences
CD,Into The Indie,Indie Rock,MGMT,Alien Days: Produced by MGMT and Dave Fridmann,$5.95,,,,Flat monthly fee of $9.99 for 3-5 items; Recommended for Preferences
CD,Into The Indie,Indie Pop,of Montreal,UR FUN,$14.99,,,,Flat monthly fee of $9.99 for 3-5 items; Recommended for Preferences
CD,Into The Indie,Indie,Panda Bear,Buoys,Check Price,,,,Flat monthly fee of $9.99 for 3-5 items; Recommended for Preferences
CD,Into The Indie,Indie Pop,"Peter, Bjorn, and John",Writer's Block,Check Price,,,,Flat monthly fee of $9.99 for 3-5 items; Recommended for Preferences
CD,Into The Indie,Indie Rock,Phoenix,Alphabetical,Where is the case?,,,,Flat monthly fee of $9.99 for 3-5 items; Recommended for Preferences
CD,Into The Indie,Indie Rock,Phoenix,Alphabetical,Check Price,,,,Flat monthly fee of $9.99 for 3-5 items; Recommended for Preferences
CD,Into The Indie,Indie Rock,Rilo Kiley,Under The Blacklight,Check Price,,,,Flat monthly fee of $9.99 for 3-5 items; Recommended for Preferences
CD,Into The Indie,Indie Rock,Rilo Kiley,More Adventurous,recommendation from Natalie (Nancy),,,,Flat monthly fee of $9.99 for 3-5 items; Recommended for Preferences
CD,Into The Indie,Indie Pop,She & Him,Volume 3,Check Price,,,,Flat monthly fee of $9.99 for 3-5 items; Recommended for Preferences
CD,Into The Indie,Indie Rock,Silversun Pickups,Better Nature,$7.95,,,,Flat monthly fee of $9.99 for 3-5 items; Recommended for Preferences
CD,Into The Indie,Indie Rock,Sound Team,Movie Monster,Check Price,,,,Flat monthly fee of $9.99 for 3-5 items; Recommended for Preferences
CD,Into The Indie,Indie Pop,Tennis,Swimmer,Check Price,,,,Flat monthly fee of $9.99 for 3-5 items; Recommended for Preferences
CD,Into The Indie,Indie Rock,The Flaming Lips,Yoshimi Battles The Pink Robots,Check Price,,,,Flat monthly fee of $9.99 for 3-5 items; Recommended for Preferences
CD,Into The Indie,Indie Pop,The Shins,The Worms Heart,$13.99,,,,Flat monthly fee of $9.99 for 3-5 items; Recommended for Preferences
CD,Into The Indie,Indie Pop,The Shins,"Oh, Inverted World",$13.99,,,,Flat monthly fee of $9.99 for 3-5 items; Recommended for Preferences
CD,Into The Indie,Indie Pop,Vampire Weekend,Father of The Bride,$9.95,,,,Flat monthly fee of $9.99 for 3-5 items; Recommended for Preferences
CD,Into The Indie,Indie Folk Rock,Vetiver,The Errant Charm,$4.99,,,,Flat monthly fee of $9.99 for 3-5 items; Recommended for Preferences
CD,Into The Indie,Indie Rock,We Are Scientists,TV En Francais,Check Price,,,,Flat monthly fee of $9.99 for 3-5 items; Recommended for Preferences
CD,Into The Indie,Foster The People,,Torches,Check Price,,,,
CD,Jazz Jazz Jazz!,Jazz,Billie Holiday,All Or Nothing At All,Check Price,,,,Flat monthly fee of $9.99 for 3-5 items; Recommended for Preferences
CD,Jazz Jazz Jazz!,Jazz,Charlie Parker,Ken Burns Jazz,Check Price,,,,Flat monthly fee of $9.99 for 3-5 items; Recommended for Preferences
CD,Jazz Jazz Jazz!,Jazz,Chick Corea,My Spanish Heart,Check Price,,,,Flat monthly fee of $9.99 for 3-5 items; Recommended for Preferences
CD,Jazz Jazz Jazz!,Jazz,Count Basie,Count Basie At Newport,Check Price,,,,Flat monthly fee of $9.99 for 3-5 items; Recommended for Preferences
CD,Jazz Jazz Jazz!,Jazz,Dexter Gordon,Music for Lovers,Check Price,,,,Flat monthly fee of $9.99 for 3-5 items; Recommended for Preferences
CD,Jazz Jazz Jazz!,Jazz,Ella Fitzgerald,The Best of the Son Books The Ballads,Check Price,,,,Flat monthly fee of $9.99 for 3-5 items; Recommended for Preferences
CD,Jazz Jazz Jazz!,Jazz,George Benson,Breezin',$3.95,,,,Flat monthly fee of $9.99 for 3-5 items; Recommended for Preferences
CD,Jazz Jazz Jazz!,Jazz,Herbie Hancock,The Best of Herbie Hancock,Check Price,,,,Flat monthly fee of $9.99 for 3-5 items; Recommended for Preferences
CD,Jazz Jazz Jazz!,Jazz,Hiroshima,Another Place,Check Price,,,,Flat monthly fee of $9.99 for 3-5 items; Recommended for Preferences
CD,Jazz Jazz Jazz!,Jazz,John Coltrane,My Favorite Things,$5.95,,,,Flat monthly fee of $9.99 for 3-5 items; Recommended for Preferences
CD,Jazz Jazz Jazz!,Jazz,John Coltrane,Impulse!,$9.95,,,,Flat monthly fee of $9.99 for 3-5 items; Recommended for Preferences
CD,Jazz Jazz Jazz!,Jazz,John Coltrane,Blue Train,$3.95,,,,Flat monthly fee of $9.99 for 3-5 items; Recommended for Preferences
CD,Jazz Jazz Jazz!,Jazz,John Coltrane,Giant Steps,Check Price,,,,Flat monthly fee of $9.99 for 3-5 items; Recommended for Preferences
CD,Jazz Jazz Jazz!,Jazz,Kenny G,Breathless,$1.95,,,,Flat monthly fee of $9.99 for 3-5 items; Recommended for Preferences
CD,Jazz Jazz Jazz!,Jazz,Miles Davis,Kind of Blue,$8.99,,,,Flat monthly fee of $9.99 for 3-5 items; Recommended for Preferences
CD,Jazz Jazz Jazz!,Jazz,Miles Davis,In A Silent Way,$3.95,,,,Flat monthly fee of $9.99 for 3-5 items; Recommended for Preferences
CD,Jazz Jazz Jazz!,Jazz,Miles Davis,Sketches of Spain,Check Price,,,,Flat monthly fee of $9.99 for 3-5 items; Recommended for Preferences
CD,Jazz Jazz Jazz!,Jazz,Thelonious Monk,Genius of Modrn Music: Volume 1,Where is the case?,,,,Flat monthly fee of $9.99 for 3-5 items; Recommended for Preferences
CD,Jazz Jazz Jazz!,Jazz,Thelonious Monk,Thelonious Monk Quartet with John Coltrane at Carnegie Hall,$5.95,,,,Flat monthly fee of $9.99 for 3-5 items; Recommended for Preferences
CD,Jazz Jazz Jazz!,Jazz,Thelonious Monk,Genius of Modern Music: Volume 1,$5.95,,,,Flat monthly fee of $9.99 for 3-5 items; Recommended for Preferences
CD,Jazz Jazz Jazz!,Jazz,Turk Murphy's Jazz Band,San Francisco Jazz,$1.95,,,,Flat monthly fee of $9.99 for 3-5 items; Recommended for Preferences
CD,Jazz Jazz Jazz!,Jazz,Wes Montgomery,Movin' Wes,Check Price,,,,Flat monthly fee of $9.99 for 3-5 items; Recommended for Preferences
CD,Jazz Jazz Jazz!,Jazz,Wes Montgomery,The Best of Wes,Check Price,,,,Flat monthly fee of $9.99 for 3-5 items; Recommended for Preferences
CD,"Lyrics, Prose, and Guitar",Folk / Classic Rock,Bob Dylan,Blonde On Blonde,$5.95,,,,Flat monthly fee of $9.99 for 3-5 items; Recommended for Preferences
CD,"Lyrics, Prose, and Guitar",Folk / Classic Rock,Bob Dylan,The Essential Bob Dylan,$7.95,,,,Flat monthly fee of $9.99 for 3-5 items; Recommended for Preferences
CD,"Lyrics, Prose, and Guitar",Indie Folk / Pop,James Blunt,Chasing Time: The Bedlam Sessions,$7.95,,,,Flat monthly fee of $9.99 for 3-5 items; Recommended for Preferences
CD,"Lyrics, Prose, and Guitar",Folk / Classic Rock,Neil Young,Fork In The Road,$5.95,,,,Flat monthly fee of $9.99 for 3-5 items; Recommended for Preferences
CD,"Lyrics, Prose, and Guitar",Folk,The Tallest Man On Earth,"I Love You, It's A Fever Dream",Check Price,,,,Flat monthly fee of $9.99 for 3-5 items; Recommended for Preferences
CD,Man or Machine!,Electronic,Air,Moon Safari,Check Price,,,,Flat monthly fee of $9.99 for 3-5 items; Recommended for Preferences
CD,Man or Machine!,Electronic,Daft Punk,Homework,$7.95,,,,Flat monthly fee of $9.99 for 3-5 items; Recommended for Preferences
CD,Man or Machine!,Electronic,Depeche Mode,The Singles 86 > 98,$9.95,,,,Flat monthly fee of $9.99 for 3-5 items; Recommended for Preferences
CD,Man or Machine!,Electronic,New Order,Crystal Reprise,Check Price,,,,Flat monthly fee of $9.99 for 3-5 items; Recommended for Preferences
CD,Man or Machine!,Electronic,Pet Shop Boys,Pet Shop Boys Discography,$3.95,,,,Flat monthly fee of $9.99 for 3-5 items; Recommended for Preferences
CD,Modern British,British Rock,Arctic Monkeys,Fluorescent Adolescent,Check Price,,,,Flat monthly fee of $9.99 for 3-5 items; Recommended for Preferences
CD,Modern British,British Rock,Arctic Monkeys,Suck It And See,Check Price,,,,Flat monthly fee of $9.99 for 3-5 items; Recommended for Preferences
CD,Movie Night,Movie Soundtrack,12 Monkeys,SEARCH FOR DATA,Check Price,,,,Flat monthly fee of $9.99 for 3-5 items; Recommended for Preferences
CD,Movie Night,Movie Soundtrack,"Good Morning, Vietnam",SEARCH FOR DATA,Check Price,,,,Flat monthly fee of $9.99 for 3-5 items; Recommended for Preferences
CD,Movie Night,Movie Soundtrack,Robin Williams,"Good, Morning Vietnam",$1.95,,,,Flat monthly fee of $9.99 for 3-5 items; Recommended for Preferences
CD,Movie Night,Movie Soundtrack,Slumdog Millionaire,Slumdog Millionaire,Check Price,,,,Flat monthly fee of $9.99 for 3-5 items; Recommended for Preferences
CD,Movie Night,Movie Soundtrack,Titanic,SEARCH FOR DATA,Check Price,,,,Flat monthly fee of $9.99 for 3-5 items; Recommended for Preferences
CD,New York,Indie Rock,The Strokes,RCA: Comedown Machine,What is the price? Check Amazon,,,,Flat monthly fee of $9.99 for 3-5 items; Recommended for Preferences
CD,New York,Indie Rock,The Strokes,Angles,Check Price,,,,Flat monthly fee of $9.99 for 3-5 items; Recommended for Preferences
CD,Nickelback,Nickelback,Nickelback,All The Right Reasons,Check Price,,,,Flat monthly fee of $9.99 for 3-5 items; Recommended for Preferences
CD,Piano & Violin,Classical,Mozart,Requiem,Check Price,,,,Flat monthly fee of $9.99 for 3-5 items; Recommended for Preferences
CD,Piano & Violin,Classical,Mozart,Missa Longa,Check Price,,,,Flat monthly fee of $9.99 for 3-5 items; Recommended for Preferences
CD,Piano & Violin,Classical,Yo-yo Ma & Friends,Songs of Joy & Peace,$2.95,,,,Flat monthly fee of $9.99 for 3-5 items; Recommended for Preferences
CD,Piano & Violin,Classical,Yo-yo Ma Kathryn Stott,La Belle Epoque,$1.95,,,,Flat monthly fee of $9.99 for 3-5 items; Recommended for Preferences
CD,Psychadelia,Psychadelic Rock,Jefferson Airplane,2400 Fulton Street,Check Price,,,,Flat monthly fee of $9.99 for 3-5 items; Recommended for Preferences
CD,Psychadelia,Psychadelic Rock,Jimi Hendrix,Valleys of Neptune,$7.95,,,,Flat monthly fee of $9.99 for 3-5 items; Recommended for Preferences
CD,Psychadelia,Psychadelic Rock,Jimi Hendrix,Woodstock,$7.95,,,,Flat monthly fee of $9.99 for 3-5 items; Recommended for Preferences
CD,Psychadelia,Psychadelic Rock,Pink Floyd,The Dark Side of The Moon,$9.95,,,,Flat monthly fee of $9.99 for 3-5 items; Recommended for Preferences
CD,Psychadelia,Psychadelic Rock,The Beatles,Help!,$7.95,,,,Flat monthly fee of $9.99 for 3-5 items; Recommended for Preferences
CD,Psychadelia,Psychadelic Rock,The Beatles,Let It Be,Check Price,,,,Flat monthly fee of $9.99 for 3-5 items; Recommended for Preferences
CD,Psychadelia,Psychadelic Rock,The Beatles,Abbey Road,Check Price,,,,Flat monthly fee of $9.99 for 3-5 items; Recommended for Preferences
CD,Psychadelia,Psychadelic Rock,The Beatles,Rubber Soul,Check Price,,,,Flat monthly fee of $9.99 for 3-5 items; Recommended for Preferences
CD,Psychadelia,Psychadelic Rock,The Jimi Hendrix Experience,Axis: Bold As Love,$7.95,,,,Flat monthly fee of $9.99 for 3-5 items; Recommended for Preferences
CD,Psychadelia,Psychadelic Rock,The Jimi Hendrix Experience,Are You Experienced?,Check Price,,,,Flat monthly fee of $9.99 for 3-5 items; Recommended for Preferences
CD,Psychadelia,Psychadelic Rock,The Jimi Hendrix Experience,Live At Monterey,Check Price,,,,Flat monthly fee of $9.99 for 3-5 items; Recommended for Preferences
CD,Psychadelia,Psychadelic Rock,The Zombies,"She's Not There, Tell Her No",$5.95,,,,Flat monthly fee of $9.99 for 3-5 items; Recommended for Preferences
CD,Rap That,Hip Hop,Jay-Z,The Blueprint 2: The Gift & The Curse,$9.95,,,,Flat monthly fee of $9.99 for 3-5 items; Recommended for Preferences
CD,Rap That,Hip Hop,Jay-Z,Tha Carter III,Check Price,,,,Flat monthly fee of $9.99 for 3-5 items; Recommended for Preferences
CD,Rap That,Hip Hop,Kendrick Lamar,"good kid, m.A.A.d. City",Check Price,,,,Flat monthly fee of $9.99 for 3-5 items; Recommended for Preferences
CD,Rap That,Hip Hop,Nas,King's Disease II,$12.99,,,,Flat monthly fee of $9.99 for 3-5 items; Recommended for Preferences
CD,Rap That,Hip Hop,Pusha T,Daytona,$11.95,,,,Flat monthly fee of $9.99 for 3-5 items; Recommended for Preferences
CD,Rock and Roll,Indie Rock,Kings of Leon,Only By The Night,Check Price,,,,
CD,Rock and Roll,Indie Rock,Kings of Leon,Because of The Times,$3.95,,,,Flat monthly fee of $9.99 for 3-5 items; Recommended for Preferences
CD,Rock and Roll,Indie Rock,The Killers,Imploding The Mirage,Check Price,,,,
CD,Rock and Roll,Indie Rock,The Killers,Day & Age,Check Price,,,,Flat monthly fee of $9.99 for 3-5 items; Recommended for Preferences
CD,Rock and Roll,Indie Rock,The Killers,Sam's Town,Check Price,,,,Flat monthly fee of $9.99 for 3-5 items; Recommended for Preferences
CD,San Francisco,Local,KFOG,Local Scene 104.5 97.7 FM San Francisco,$2.95,,,,Flat monthly fee of $9.99 for 3-5 items; Recommended for Preferences
CD,SEARCH FOR DATA,SEARCH FOR DATA,Alison Krauss,A Hundred Miles or More: A Collection,Check Price,,,,Flat monthly fee of $9.99 for 3-5 items; Recommended for Preferences
CD,SEARCH FOR DATA,SEARCH FOR DATA,British Sea Power,SEARCH FOR DATA,Check Price,,,,Flat monthly fee of $9.99 for 3-5 items; Recommended for Preferences
CD,SEARCH FOR DATA,SEARCH FOR DATA,Calexico,Algiers,$5.95,,,,Flat monthly fee of $9.99 for 3-5 items; Recommended for Preferences
CD,SEARCH FOR DATA,SEARCH FOR DATA,Pedro The Lion,It's Hard to Find A Friend,Check Price,,,,Flat monthly fee of $9.99 for 3-5 items; Recommended for Preferences
CD,SEARCH FOR DATA,SEARCH FOR DATA,Phish,Fuego,Check Price,,,,Flat monthly fee of $9.99 for 3-5 items; Recommended for Preferences
CD,SEARCH FOR DATA,SEARCH FOR DATA,Sea Wolf,SEARCH FOR DATA,Check Price,,,,Flat monthly fee of $9.99 for 3-5 items; Recommended for Preferences
CD,SEARCH FOR DATA,SEARCH FOR DATA,The 1975,SEARCH FOR DATA,Check Price,,,,Flat monthly fee of $9.99 for 3-5 items; Recommended for Preferences
CD,SEARCH FOR DATA,SEARCH FOR DATA,The Chills,Heavenly Pop Hits,Check Price,,,,Flat monthly fee of $9.99 for 3-5 items; Recommended for Preferences
CD,SEARCH FOR DATA,SEARCH FOR DATA,The National,SEARCH FOR DATA,Check Price,,,,Flat monthly fee of $9.99 for 3-5 items; Recommended for Preferences
CD,"Snap, Crackle, Pop!",Pop,Billy Joel,Greatest Hits Volume I & Volume 2,$5.95,,,,Flat monthly fee of $9.99 for 3-5 items; Recommended for Preferences
CD,"Snap, Crackle, Pop!",Pop /Folk,Ed Sheeran,X,$7.95,,,,
CD,"Snap, Crackle, Pop!",Pop,Hot Hot Heat,Elevator,$1.95,,,,Flat monthly fee of $9.99 for 3-5 items; Recommended for Preferences
CD,"Snap, Crackle, Pop!",Pop,John Mayer,Heavier Things,Check Price,,,,Flat monthly fee of $9.99 for 3-5 items; Recommended for Preferences
CD,"Snap, Crackle, Pop!",Pop / Rock,Jonas Brothers,"Lines, Vines, and Trying Times",$3.95,,,,
CD,"Snap, Crackle, Pop!",Pop,Justin Timberlake,Futuresex/Lovesounds,$3.95,,,,Flat monthly fee of $9.99 for 3-5 items; Recommended for Preferences
CD,"Snap, Crackle, Pop!",Pop,Leona Lewis,Spirit,$2.95,,,,Flat monthly fee of $9.99 for 3-5 items; Recommended for Preferences
CD,"Snap, Crackle, Pop!",Pop,Maroon 5,Songs About Jane,Check Price,,,,Flat monthly fee of $9.99 for 3-5 items; Recommended for Preferences
CD,"Snap, Crackle, Pop!",Pop,Norah Jones,Come Away With Me,$1.95,,,,Flat monthly fee of $9.99 for 3-5 items; Recommended for Preferences
CD,"Snap, Crackle, Pop!",Pop,Post Malone,Hollywood's Bleeding,$14.99,,,,Flat monthly fee of $9.99 for 3-5 items; Recommended for Preferences
CD,"Snap, Crackle, Pop!",Pop,Selena,The Scene & Kiss & Tell,Check Price,,,,Flat monthly fee of $9.99 for 3-5 items; Recommended for Preferences
CD,"Snap, Crackle, Pop!",Pop / Folk,Taylor Swift,Red: Taylor's Version,$13.99,,,,Flat monthly fee of $9.99 for 3-5 items; Recommended for Preferences
CD,"Snap, Crackle, Pop!",Folk / Country / Pop,Taylor Swift,Evermore,Check Price,,,,Flat monthly fee of $9.99 for 3-5 items; Recommended for Preferences
CD,Soft Rocker,Soft Rock,Richard Marx,Richard Marx Self Titled,$1.95,,,,Flat monthly fee of $9.99 for 3-5 items; Recommended for Preferences
CD,Soul,Jazz,John Legend,Evolver,Check Price,,,,Flat monthly fee of $9.99 for 3-5 items; Recommended for Preferences
CD,Sound Designers,Sound Design,Brian Eno,Nerve Net,$5.95,,,,Flat monthly fee of $9.99 for 3-5 items; Recommended for Preferences
CD,Stadium Rock,Rock,U2,The Joshua Tree,$3.95,,,,Flat monthly fee of $9.99 for 3-5 items; Recommended for Preferences
CD,Stadium Rock,Rock,U2,18 Singles,Check Price,,,,Flat monthly fee of $9.99 for 3-5 items; Recommended for Preferences
CD,Stadium Rock,Rock,U2,War,Check Price,,,,Flat monthly fee of $9.99 for 3-5 items; Recommended for Preferences
CD,The Acoustician,Acoustic,Belle & Sebastian,SEARCH FOR DATA,Check Price,,,,Flat monthly fee of $9.99 for 3-5 items; Recommended for Preferences
CD,The Acoustician,Acoustic,Jack Johnson,Brushfire Fairytales,Check Price,,,,Flat monthly fee of $9.99 for 3-5 items; Recommended for Preferences
CD,The Acoustician,Acoustic,James Taylor,James Taylor Live,Check Price,,,,Flat monthly fee of $9.99 for 3-5 items; Recommended for Preferences
CD,The Acoustician,Acoustic,Kings of Convenience,Versus,$3.99,,,,Flat monthly fee of $9.99 for 3-5 items; Recommended for Preferences
CD,The Alternative,Rock,Dave Matthews Band,Listener Supported,$3.95,,,,Flat monthly fee of $9.99 for 3-5 items; Recommended for Preferences
CD,The Alternative,Alternative Rock,Franz Ferdinand,Franz Ferdinand,Check Price,,,,Flat monthly fee of $9.99 for 3-5 items; Recommended for Preferences
CD,The Alternative,Alternative Rock,Lenny Kravitz,SEARCH FOR DATA,Check Price,,,,Flat monthly fee of $9.99 for 3-5 items; Recommended for Preferences
CD,The Alternative,Alternative Rock,Nickelback,The Long Road,Check Price,,,,Flat monthly fee of $9.99 for 3-5 items; Recommended for Preferences
CD,The Alternative,Alternative Rock,Queens of The Stone Age,SEARCH FOR DATA,Check Price,,,,Flat monthly fee of $9.99 for 3-5 items; Recommended for Preferences
CD,The Alternative,Alternative Rock,R.E.M.,Around the Sun,Check Price,,,,Flat monthly fee of $9.99 for 3-5 items; Recommended for Preferences
CD,The Alternative,Alternative Rock,The Aquabats,SEARCH FOR DATA,recommendation from Andrew,,,,Flat monthly fee of $9.99 for 3-5 items; Recommended for Preferences
CD,The Alternative,Alternative Rock,The White Stripes,SEARCH FOR DATA,Check Price,,,,Flat monthly fee of $9.99 for 3-5 items; Recommended for Preferences
CD,The Alternative,Alternative Rock,We Are Scientists,SEARCH FOR DATA,Check Price,,,,Flat monthly fee of $9.99 for 3-5 items; Recommended for Preferences
CD,The Alternative,Alternative Rock,Weezer,The Green Album,Check Price,,,,Flat monthly fee of $9.99 for 3-5 items; Recommended for Preferences
CD,The Alternative,Alternative Rock,Weezer,Make Believe,Check Price,,,,Flat monthly fee of $9.99 for 3-5 items; Recommended for Preferences
CD,The Crooner,Ballad,The Everly Brothers,The Very Best of The Everly Brothers,Check Price,,,,Flat monthly fee of $9.99 for 3-5 items; Recommended for Preferences
CD,The Crooner,Ballad,Tony Bennett,The Good Life,Check Price,,,,Flat monthly fee of $9.99 for 3-5 items; Recommended for Preferences
CD,,,,,,,,,Flat monthly fee of $9.99 for 3-5 items; Recommended for Preferences
CD,,,,,,,,,Flat monthly fee of $9.99 for 3-5 items; Recommended for Preferences
CD,,,,,,,,,Flat monthly fee of $9.99 for 3-5 items; Recommended for Preferences
CD,,,,,,,,,Flat monthly fee of $9.99 for 3-5 items; Recommended for Preferences
CD,,,,,,,,,Flat monthly fee of $9.99 for 3-5 items; Recommended for Preferences
CD,,,,,,,,,Flat monthly fee of $9.99 for 3-5 items; Recommended for Preferences
CD,,,,,,,,,Flat monthly fee of $9.99 for 3-5 items; Recommended for Preferences
CD,,,,,,,,,Flat monthly fee of $9.99 for 3-5 items; Recommended for Preferences
CD,,,,,,,,,Flat monthly fee of $9.99 for 3-5 items; Recommended for Preferences
CD,,,,,,,,,Flat monthly fee of $9.99 for 3-5 items; Recommended for Preferences
CD,,,,,,,,,Flat monthly fee of $9.99 for 3-5 items; Recommended for Preferences
CD,,,,,,,,,Flat monthly fee of $9.99 for 3-5 items; Recommended for Preferences
CD,,,,,,,,,Flat monthly fee of $9.99 for 3-5 items; Recommended for Preferences
CD,,,,,,,,,Flat monthly fee of $9.99 for 3-5 items; Recommended for Preferences
